kaspi_sku,ms_code,units_per_offer
490267149,C81A818FAB,8
362939600,HL11500X+0HLJS01,1
HQ13450A450T01+0HQ13JS01,HQ13450A450T01+0HQ13JS01,1
847629547,HL12450X+0HLJS01,1
C81B875FAB(2),C81B875FAB,2
796656797,HBDCP500A03(E30),1
339160925,HBDCP450A03(E30),1
289141240,MSB01F01(H03),1
C81В875FAB(4),C81B875FAB,4
897493292,C81C818FAB,2
103313524,LQ13450Q14900,1
C81A815FAB(4),C81A815FAB,4
669828213,HL13500X+0HLJS02,1
C81A815FAB(8),C81A815FAB,8
C81В875FAB(10),C81B875FAB,10
672791331,C80E675F,6
C81C875FAB(4),C81C875FAB,4
C81A815FAB(2),C81A815FAB,2
818297768,C80B678F,2
341974891,JB37W,1
943280179,LQ13450Q14800,1
254073326,C81B878FAB,6
HQ13450A400T01+0HQ13JS01,HQ13450A400T01+0HQ13JS01,1
640579653,C80E675F,2
566704929,C81A818FAB,2
030977254,C80A689F,2
324098394,C81B818FAB,6
962066831,DT05,1
984351896,C81C818FAB,8
542946577,C81B878FAB,8
310446350,C81B878FAB,2
746408475,LK450Q13600X01,1
C81B875FAB(4),C81A875FAB,4
248496760,C80A689F,6
C81C875FAB(6),C81C875FAB,6
655880352,C80A689F,4
C81E875FAB(2),C81E875FAB,2
718710348,C81B818FAB,2
C81A815FAB(6),C81A815FAB,6
HKDCP450A03(E30),HKDCP450A03(E30),1
C81A815FAB(10),C81A815FAB,10
292452902,C80C678F,4
951774533,C81A875FAB,10
196178610,C81C818FAB,6
280807528,C80C678F,6
667891589,C81A818FAB,6
542182435,C80E675F,4
733419395,LK450Q13800X01,1
991425418,C80B678F,4
315687352,LK450Q13600C01,1
572642308,C81B818FAB,8
C81E875FAB(10),C81E875FAB,10
284778164,LK450Q13900X01,1
C81E875FAB(6),C81E875FAB,6
HKDCP500A03(E30),HKDCP500A03(E30),1
652871224,MSB01F01(H10),1
115040022,C80C678F,2
C81C875FAB(8),C81C875FAB,8
C81В875FAB(8),C81B875FAB,8
C81В875FAB(2),C81B875FAB,2
C81В875FAB(6),C81B875FAB,6
C81C875FAB(2),C81C875FAB,2
C81B875FAB(6),C81A875FAB,6
879870888,LK450Q13800C01,1
402375591,C81C878FAB,4
910749639,HL13450X+0HLJS02(E30),1
C81E875FAB(8),C81E875FAB,8
440677861,C81C878FAB,2
298952470,HL11450X+0HLJS01,1
C81C875FAB(10),C81C875FAB,10
LQ12450Q14600,LQ12450Q14600,1
660991230,LQ12450Q14600,1
C81E875FAB(4),C81E875FAB,4
540013193,DT02,1
173716117,C80B678F,6
903949497,HL12500X+0HLJS01,1
772935892,0DM06,10
035209779,0DM06,4
736978069,0DM06,1
447250841,SQ2FBM03A,1
662741671,SQ02BH03A,1
408100802,SQ02BH03B,1
876258506,SQ2FBH03A,1
008118078,SQ2FBC04A,1
093784417,SQ02BC03B,1
124697507,SQ02BM03A,1
011814199,0DM05,1
954216030,0DM05,4
839898086,0DM05,6
973894393,0DM05,10
792115208,ST07AM02B,1
170638052,ST08AM02A,1
322052062,ST06AM02B,1
336315163,ST05AH02A,1
561009733,ST05AL02A,1
744683593,ST05AM02A,1
881457120,ST06AH02A,1
689488825,ST04AM02A,1
938743008,ST07AH02A,1
903475440,ST04AH02A,1
192312142,LQ12450Q14800,1
948673024,LQ12450Q14900,1
754340782,4587110HX,1
460637127,4587112HX,1
808002495,4587118HX,1
069223233,4587120HX,1
546028766,4587110GX,1
835395559,4587112GX,1
800280046,4587116GX,1
303560464,C81B875FAB,8
248980050,HQ11450Q400T01,1
500206477,HQ11450Q450T01,1
832176966,C81A878FAB,2
049794579,C81A878FAB,8
562918787,C81A878FAB,6
524370689,GG10C500H1+0GGLD01,1
733614709,GG10C250H1+0GGLD01,1
645377860,GG10C300H1+0GGLD01,1
121658527,GG10C400H1+0GGLD01,1
114312991,GG10C450H1+0GGLD01,1
477956009,4587116HX,1
LYZ800-10L,LYZ800-10L,1
468915757,C81C878FAB,8
484370701,MS00AH+MSJS01,1
