offer_id,ms_code,units_per_offer
MS00AH+MSJS01,MS00AH+MSJS01,1
LYZ800-10L,LYZ800-10L,1
LK450Q13600X01,LK450Q13600X01,1
LK450Q13800X01,LK450Q13800X01,1
LK450Q13900X01,LK450Q13900X01,1
C81A875FAB,C81A875FAB,1
C81A875FAB(4),C81A875FAB,4
C81A875FAB(6),C81A875FAB,6
C81A875FAB(8),C81A875FAB,8
C81A875FAB(10),C81A875FAB,10
C81C875FAB(2),C81C875FAB,2
C81C875FAB(4),C81C875FAB,4
C81C875FAB(6),C81C875FAB,6
C81C875FAB(8),C81C875FAB,8
C81C875FAB(10),C81C875FAB,10
C81B875FAB(2),C81B875FAB,2
C81B875FAB(4),C81B875FAB,4
C81B875FAB(6),C81B875FAB,6
C81B875FAB(8),C81B875FAB,8
C81B875FAB(10),C81B875FAB,10
C81A815FAB(2),C81A815FAB,2
C81A815FAB(4),C81A815FAB,4
C81A815FAB(6),C81A815FAB,6
C81A815FAB(8),C81A815FAB,8
C81A815FAB(10),C81A815FAB,10
MS00AM+MSJS01,MS00AM+MSJS01,1
C81E875FAB(2),C81E875FAB,2
C81E875FAB(4),C81E875FAB,4
C81E875FAB(6),C81E875FAB,6
C81E875FAB(8),C81E875FAB,8
C81E875FAB(10),C81E875FAB,10
HBDCP450A03(E30),HBDCP450A03(E30),1
HBDCP500A03(E30),HBDCP500A03(E30),1
HKDCP450A03(E30),HKDCP450A03(E30),1
HKDCP500A03(E30),HKDCP500A03(E30),1
HQ13450A400T01+0HQ13JS01,HQ13450A400T01+0HQ13JS01,1
HQ13450A450T01+0HQ13JS01,HQ13450A450T01+0HQ13JS01,1
HQ11450Q400T01,HQ11450Q400T01,1
HQ11450Q450T01,HQ11450Q450T01,1
HL11450X+0HLJS01,HL11450X+0HLJS01,1
HL11500X+0HLJS01,HL11500X+0HLJS01,1
HL12450X+0HLJS01,HL12450X+0HLJS01,1
HL12500X+0HLJS01,HL12500X+0HLJS01,1
HL13450X+0HLJS02(E30),HL13450X+0HLJS02(E30),1
HL13500X+0HLJS02,HL13500X+0HLJS02,1
C81C878FAB(2),C81C878FAB,2
0DM06,0DM06,1
JB37W,JB37W,1
C81C878FAB(6),C81C878FAB,6
C81C878FAB(8),C81C878FAB,8
C81A878FAB(2),C81A878FAB,2
C81A878FAB(6),C81A878FAB,6
C81A878FAB(8),C81A878FAB,8
C81B878FAB(2),C81B878FAB,2
C81B878FAB(6),C81B878FAB,6
C81B878FAB(8),C81B878FAB,8
C81C818FAB(2),C81C818FAB,2
C81C818FAB(6),C81C818FAB,6
C81C818FAB(8),C81C818FAB,8
C81A818FAB(2),C81A818FAB,2
C81A818FAB(6),C81A818FAB,6
C81A818FAB(8),C81A818FAB,8
C81B818FAB(2),C81B818FAB,2
C81B818FAB(6),C81B818FAB,6
C81B818FAB(8),C81B818FAB,8
C80A689F(2),C80A689F,2
C80A689F(4),C80A689F,4
C80A689F(6),C80A689F,6
0DM06(4),0DM06,4
0DM06(10),0DM06,10
C80C678F(2),C80C678F,2
C80C678F(4),C80C678F,4
C80C678F(6),C80C678F,6
C80B678F,C80B678F,1
C80B678F(4),C80B678F,4
C80B678F(6),C80B678F,6
C80E675F(2),C80E675F,2
C80E675F(4),C80E675F,4
C80E675F(6),C80E675F,6
0DM05,0DM05,1
ST04AH02A,ST04AH02A,1
ST04AM02A,ST04AM02A,1
ST05AH02A,ST05AH02A,1
ST05AL02A,ST05AL02A,1
ST05AM02A,ST05AM02A,1
ST06AM02B,ST06AM02B,1
ST06AH02A,ST06AH02A,1
ST07AM02B,ST07AM02B,1
ST07AH02B,ST07AH02B,1
ST08AM02A,ST08AM02A,1
SQ2FBM03A,SQ2FBM03A,1
SQ02BH03A,SQ02BH03A,1
SQ02BH03B,SQ02BH03B,1
SQ2FBH03A,SQ2FBH03A,1
SQ02BC03B,SQ02BC03B,1
SQ2FBC04A,SQ2FBC04A,1
SQ02BM03A,SQ02BM03A,1
0DM05(4),0DM05,4
0DM05(6),0DM05,6
0DM05(10),0DM05,10
4587110HX,4587110HX,1
4587112HX,4587112HX,1
4587114HX,4587114HX,1
4587116HX,4587116HX,1
4587118HX,4587118HX,1
4587120HX,4587120HX,1
4587110GX,4587110GX,1
4587112GX,4587112GX,1
4587114GX,4587114GX,1
4587116GX,4587116GX,1
4587118GX,4587118GX,1
4587120GX,4587120GX,1
GG10C250H1+0GGLD01,GG10C250H1+0GGLD01,1
GG10C300H1+0GGLD01,GG10C300H1+0GGLD01,1
GG10C350H1+0GGLD01,GG10C350H1+0GGLD01,1
GG10C400H+0GGLD01,GG10C400H1+0GGLD01,1
GG10C450H1+0GGLD01,GG10C450H1+0GGLD01,1
GG10C500H1+0GGLD01,GG10C500H1+0GGLD01,1
