offer_id,ms_code,units_per_offer,stock,status
MS00AH+MSJS01,MS00AH+MSJS01,1,1007,ok
LYZ800-10L,LYZ800-10L,1,12,ok
LK450Q13600X01,LK450Q13600X01,1,65,ok
LK450Q13800X01,LK450Q13800X01,1,32,ok
LK450Q13900X01,LK450Q13900X01,1,7,ok
C81A875FAB,C81A875FAB,1,8069,ok
C81A875FAB(4),C81A875FAB,4,2017,ok
C81A875FAB(6),C81A875FAB,6,1344,ok
C81A875FAB(8),C81A875FAB,8,1008,ok
C81A875FAB(10),C81A875FAB,10,806,ok
C81C875FAB(2),C81C875FAB,2,1972,ok
C81C875FAB(4),C81C875FAB,4,986,ok
C81C875FAB(6),C81C875FAB,6,657,ok
C81C875FAB(8),C81C875FAB,8,493,ok
C81C875FAB(10),C81C875FAB,10,394,ok
C81B875FAB(2),C81B875FAB,2,5081,ok
C81B875FAB(4),C81B875FAB,4,2540,ok
C81B875FAB(6),C81B875FAB,6,1693,ok
C81B875FAB(8),C81B875FAB,8,1270,ok
C81B875FAB(10),C81B875FAB,10,1016,ok
C81A815FAB(2),C81A815FAB,2,547,ok
C81A815FAB(4),C81A815FAB,4,273,ok
C81A815FAB(6),C81A815FAB,6,182,ok
C81A815FAB(8),C81A815FAB,8,136,ok
C81A815FAB(10),C81A815FAB,10,109,ok
MS00AM+MSJS01,MS00AM+MSJS01,1,66,ok
C81E875FAB(2),C81E875FAB,2,957,ok
C81E875FAB(4),C81E875FAB,4,478,ok
C81E875FAB(6),C81E875FAB,6,319,ok
C81E875FAB(8),C81E875FAB,8,239,ok
C81E875FAB(10),C81E875FAB,10,191,ok
HBDCP450A03(E30),HBDCP450A03(E30),1,462,ok
HBDCP500A03(E30),HBDCP500A03(E30),1,468,ok
HKDCP450A03(E30),HKDCP450A03(E30),1,247,ok
HKDCP500A03(E30),HKDCP500A03(E30),1,471,ok
HQ13450A400T01+0HQ13JS01,HQ13450A400T01+0HQ13JS01,1,58,ok
HQ13450A450T01+0HQ13JS01,HQ13450A450T01+0HQ13JS01,1,27,ok
HQ11450Q400T01,HQ11450Q400T01,1,59,ok
HQ11450Q450T01,HQ11450Q450T01,1,32,ok
HL11450X+0HLJS01,HL11450X+0HLJS01,1,481,ok
HL11500X+0HLJS01,HL11500X+0HLJS01,1,431,ok
HL12450X+0HLJS01,HL12450X+0HLJS01,1,200,ok
HL12500X+0HLJS01,HL12500X+0HLJS01,1,200,ok
HL13450X+0HLJS02(E30),HL13450X+0HLJS02(E30),1,478,ok
HL13500X+0HLJS02,HL13500X+0HLJS02,1,421,ok
C81C878FAB(2),C81C878FAB,2,136,ok
0DM06,0DM06,1,2426,ok
JB37W,JB37W,1,1168,ok
C81C878FAB(6),C81C878FAB,6,45,ok
C81C878FAB(8),C81C878FAB,8,34,ok
C81A878FAB(2),C81A878FAB,2,96,ok
C81A878FAB(6),C81A878FAB,6,32,ok
C81A878FAB(8),C81A878FAB,8,24,ok
C81B878FAB(2),C81B878FAB,2,138,ok
C81B878FAB(6),C81B878FAB,6,46,ok
C81B878FAB(8),C81B878FAB,8,34,ok
C81C818FAB(2),C81C818FAB,2,600,ok
C81C818FAB(6),C81C818FAB,6,200,ok
C81C818FAB(8),C81C818FAB,8,150,ok
C81A818FAB(2),C81A818FAB,2,400,ok
C81A818FAB(6),C81A818FAB,6,133,ok
C81A818FAB(8),C81A818FAB,8,100,ok
C81B818FAB(2),C81B818FAB,2,600,ok
C81B818FAB(6),C81B818FAB,6,200,ok
C81B818FAB(8),C81B818FAB,8,150,ok
C80A689F(2),C80A689F,2,685,ok
C80A689F(4),C80A689F,4,342,ok
C80A689F(6),C80A689F,6,228,ok
0DM06(4),0DM06,4,606,ok
0DM06(10),0DM06,10,242,ok
C80C678F(2),C80C678F,2,717,ok
C80C678F(4),C80C678F,4,358,ok
C80C678F(6),C80C678F,6,239,ok
C80B678F,C80B678F,1,46,ok
C80B678F(4),C80B678F,4,11,ok
C80B678F(6),C80B678F,6,7,ok
C80E675F(2),C80E675F,2,1058,ok
C80E675F(4),C80E675F,4,529,ok
C80E675F(6),C80E675F,6,352,ok
0DM05,0DM05,1,4000,ok
ST04AH02A,ST04AH02A,1,98,ok
ST04AM02A,ST04AM02A,1,41,ok
ST05AH02A,ST05AH02A,1,86,ok
ST05AL02A,ST05AL02A,1,53,ok
ST05AM02A,ST05AM02A,1,64,ok
ST06AM02B,ST06AM02B,1,112,ok
ST06AH02A,ST06AH02A,1,64,ok
ST07AM02B,ST07AM02B,1,150,ok
ST07AH02B,ST07AH02B,1,102,ok
ST08AM02A,ST08AM02A,1,89,ok
SQ2FBM03A,SQ2FBM03A,1,142,ok
SQ02BH03A,SQ02BH03A,1,190,ok
SQ02BH03B,SQ02BH03B,1,270,ok
SQ2FBH03A,SQ2FBH03A,1,167,ok
SQ02BC03B,SQ02BC03B,1,158,ok
SQ2FBC04A,SQ2FBC04A,1,168,ok
SQ02BM03A,SQ02BM03A,1,215,ok
0DM05(4),0DM05,4,1000,ok
0DM05(6),0DM05,6,666,ok
0DM05(10),0DM05,10,400,ok
4587110HX,4587110HX,1,490,ok
4587112HX,4587112HX,1,9,ok
4587114HX,4587114HX,1,3,ok
4587116HX,4587116HX,1,693,ok
4587118HX,4587118HX,1,1254,ok
4587120HX,4587120HX,1,408,ok
4587110GX,4587110GX,1,410,ok
4587112GX,4587112GX,1,590,ok
4587114GX,4587114GX,1,0,ok
4587116GX,4587116GX,1,370,ok
4587118GX,4587118GX,1,0,ok
4587120GX,4587120GX,1,478,ok
GG10C250H1+0GGLD01,GG10C250H1+0GGLD01,1,2199,ok
GG10C300H1+0GGLD01,GG10C300H1+0GGLD01,1,314,ok
GG10C350H1+0GGLD01,GG10C350H1+0GGLD01,1,0,ok
GG10C400H+0GGLD01,GG10C400H1+0GGLD01,1,230,ok
GG10C450H1+0GGLD01,GG10C450H1+0GGLD01,1,8045,ok
GG10C500H1+0GGLD01,GG10C500H1+0GGLD01,1,706,ok
